T,P,NaCl,xH2S,yH2O,r,H2O,H2S
298.15,1,0,0.00049,0.03205,1004.5,-0.0125,-0.0045
298.15,5,0,0.00247,0.00662,1005.7,-0.0632,-0.0227
298.15,10,0,0.00492,0.00345,1007.2,-0.1285,-0.0457
298.15,20,0,0.00963,0.00188,1010.2,-0.2671,-0.0928
298.15,30,0,0.01406,0.00138,1012.9,-0.4195,-0.1418
298.15,40,0,0.01813,0.00115,1015.5,-0.5925,-0.1928
298.15,50,0,0.02176,0.00104,1017.8,-0.8023,-0.2464
298.15,60,0,0.02483,0.00101,1019.9,-1.1266,-0.3016
298.15,70,0,0.02606,0.00282,1021.1,-3.2687,-0.3741
298.15,80,0,0.02638,0.00297,1021.8,-3.4272,-0.4847
298.15,90,0,0.02667,0.00309,1022.5,-3.5658,-0.5802
298.15,100,0,0.02695,0.00319,1023.1,-3.6887,-0.6637
298.15,120,0,0.02746,0.00335,1024.5,-3.8991,-0.8038
298.15,140,0,0.02792,0.00347,1025.8,-4.0743,-0.9171
298.15,160,0,0.02836,0.00358,1027.1,-4.2237,-1.011
298.15,180,0,0.02877,0.00367,1028.4,-4.3535,-1.09
298.15,200,0,0.02916,0.00374,1029.6,-4.4679,-1.1575
298.15,250,0,0.03005,0.0039,1032.7,-4.7035,-1.2887
298.15,300,0,0.03086,0.00402,1035.7,-4.8883,-1.3825
298.15,350,0,0.03159,0.00411,1038.7,-5.038,-1.4509
298.15,400,0,0.03226,0.00418,1041.6,-5.162,-1.5008
298.15,450,0,0.03289,0.00423,1044.4,-5.2664,-1.5368
298.15,500,0,0.03347,0.00427,1047.2,-5.3554,-1.562
298.15,550,0,0.03401,0.00431,1050,-5.432,-1.5786
298.15,600,0,0.03452,0.00434,1052.7,-5.4984,-1.5882
298.15,1,1,0.0004,0.03099,1039.4,-0.0125,-0.0045
298.15,5,1,0.00203,0.0064,1040.3,-0.0632,-0.0227
298.15,10,1,0.00403,0.00334,1041.4,-0.1285,-0.0457
298.15,20,1,0.00784,0.00182,1043.6,-0.2671,-0.0928
298.15,30,1,0.01139,0.00134,1045.6,-0.4195,-0.1418
298.15,40,1,0.01462,0.00111,1047.5,-0.5925,-0.1928
298.15,50,1,0.01747,0.00101,1049.2,-0.8023,-0.2464
298.15,60,1,0.01986,0.00097,1050.8,-1.1266,-0.3016
298.15,70,1,0.02081,0.00272,1051.7,-3.2687,-0.3741
298.15,80,1,0.02105,0.00286,1052.4,-3.4272,-0.4847
298.15,90,1,0.02128,0.00298,1053.1,-3.5658,-0.5802
298.15,100,1,0.02149,0.00307,1053.7,-3.6887,-0.6637
298.15,120,1,0.02188,0.00322,1055,-3.8991,-0.8038
298.15,140,1,0.02223,0.00334,1056.2,-4.0743,-0.9171
298.15,160,1,0.02256,0.00344,1057.5,-4.2237,-1.011
298.15,180,1,0.02288,0.00353,1058.7,-4.3535,-1.09
298.15,200,1,0.02317,0.0036,1059.9,-4.4679,-1.1575
298.15,250,1,0.02384,0.00375,1062.9,-4.7035,-1.2887
298.15,300,1,0.02444,0.00386,1065.8,-4.8883,-1.3825
298.15,350,1,0.02499,0.00395,1068.7,-5.038,-1.4509
298.15,400,1,0.02549,0.00401,1071.5,-5.162,-1.5008
298.15,450,1,0.02595,0.00406,1074.3,-5.2664,-1.5368
298.15,500,1,0.02637,0.00411,1077.1,-5.3554,-1.562
298.15,550,1,0.02677,0.00414,1079.8,-5.432,-1.5786
298.15,600,1,0.02714,0.00416,1082.4,-5.4984,-1.5882
298.15,1,2,0.00033,0.02986,1072.1,-0.0125,-0.0045
298.15,5,2,0.0017,0.00617,1072.8,-0.0632,-0.0227
298.15,10,2,0.00336,0.00322,1073.7,-0.1285,-0.0457
298.15,20,2,0.00653,0.00176,1075.3,-0.2671,-0.0928
298.15,30,2,0.00944,0.00129,1076.9,-0.4195,-0.1418
298.15,40,2,0.01207,0.00107,1078.4,-0.5925,-0.1928
298.15,50,2,0.01437,0.00097,1079.7,-0.8023,-0.2464
298.15,60,2,0.01628,0.00094,1080.9,-1.1266,-0.3016
298.15,70,2,0.01704,0.00261,1081.8,-3.2687,-0.3741
298.15,80,2,0.01723,0.00275,1082.4,-3.4272,-0.4847
298.15,90,2,0.01741,0.00286,1083,-3.5658,-0.5802
298.15,100,2,0.01757,0.00295,1083.7,-3.6887,-0.6637
298.15,120,2,0.01788,0.0031,1084.9,-3.8991,-0.8038
298.15,140,2,0.01816,0.00321,1086.1,-4.0743,-0.9171
298.15,160,2,0.01842,0.00331,1087.4,-4.2237,-1.011
298.15,180,2,0.01866,0.00339,1088.6,-4.3535,-1.09
298.15,200,2,0.01889,0.00346,1089.8,-4.4679,-1.1575
298.15,250,2,0.01942,0.0036,1092.7,-4.7035,-1.2887
298.15,300,2,0.01988,0.0037,1095.6,-4.8883,-1.3825
298.15,350,2,0.0203,0.00378,1098.5,-5.038,-1.4509
298.15,400,2,0.02069,0.00384,1101.3,-5.162,-1.5008
298.15,450,2,0.02104,0.00389,1104,-5.2664,-1.5368
298.15,500,2,0.02136,0.00393,1106.8,-5.3554,-1.562
298.15,550,2,0.02166,0.00396,1109.5,-5.432,-1.5786
298.15,600,2,0.02194,0.00399,1112.1,-5.4984,-1.5882
298.15,1,3,0.00028,0.02861,1103,-0.0125,-0.0045
298.15,5,3,0.00146,0.00591,1103.5,-0.0632,-0.0227
298.15,10,3,0.00287,0.00308,1104.2,-0.1285,-0.0457
298.15,20,3,0.00555,0.00168,1105.5,-0.2671,-0.0928
298.15,30,3,0.00801,0.00124,1106.7,-0.4195,-0.1418
298.15,40,3,0.0102,0.00103,1107.9,-0.5925,-0.1928
298.15,50,3,0.01211,0.00093,1109,-0.8023,-0.2464
298.15,60,3,0.01369,0.0009,1110,-1.1266,-0.3016
298.15,70,3,0.01431,0.0025,1110.8,-3.2687,-0.3741
298.15,80,3,0.01447,0.00263,1111.4,-3.4272,-0.4847
298.15,90,3,0.01462,0.00273,1112,-3.5658,-0.5802
298.15,100,3,0.01475,0.00282,1112.7,-3.6887,-0.6637
298.15,120,3,0.015,0.00296,1113.9,-3.8991,-0.8038
298.15,140,3,0.01523,0.00307,1115.1,-4.0743,-0.9171
298.15,160,3,0.01544,0.00316,1116.3,-4.2237,-1.011
298.15,180,3,0.01564,0.00323,1117.5,-4.3535,-1.09
298.15,200,3,0.01582,0.0033,1118.7,-4.4679,-1.1575
298.15,250,3,0.01624,0.00343,1121.7,-4.7035,-1.2887
298.15,300,3,0.01662,0.00353,1124.6,-4.8883,-1.3825
298.15,350,3,0.01695,0.0036,1127.5,-5.038,-1.4509
298.15,400,3,0.01726,0.00366,1130.3,-5.162,-1.5008
298.15,450,3,0.01754,0.00371,1133.1,-5.2664,-1.5368
298.15,500,3,0.01779,0.00374,1135.8,-5.3554,-1.562
298.15,550,3,0.01803,0.00377,1138.5,-5.432,-1.5786
298.15,600,3,0.01825,0.00379,1141.2,-5.4984,-1.5882
298.15,1,4,0.00023,0.02726,1132.1,-0.0125,-0.0045
298.15,5,4,0.00127,0.00563,1132.5,-0.0632,-0.0227
298.15,10,4,0.00251,0.00294,1133.1,-0.1285,-0.0457
298.15,20,4,0.00483,0.0016,1134.1,-0.2671,-0.0928
298.15,30,4,0.00694,0.00118,1135.2,-0.4195,-0.1418
298.15,40,4,0.00883,0.00098,1136.2,-0.5925,-0.1928
298.15,50,4,0.01045,0.00089,1137.1,-0.8023,-0.2464
298.15,60,4,0.01179,0.00086,1138,-1.1266,-0.3016
298.15,70,4,0.01232,0.00237,1138.7,-3.2687,-0.3741
298.15,80,4,0.01246,0.0025,1139.3,-3.4272,-0.4847
298.15,90,4,0.01258,0.0026,1139.9,-3.5658,-0.5802
298.15,100,4,0.01269,0.00268,1140.6,-3.6887,-0.6637
298.15,120,4,0.0129,0.00281,1141.8,-3.8991,-0.8038
298.15,140,4,0.01309,0.00291,1143,-4.0743,-0.9171
298.15,160,4,0.01327,0.00299,1144.2,-4.2237,-1.011
298.15,180,4,0.01343,0.00307,1145.4,-4.3535,-1.09
298.15,200,4,0.01358,0.00313,1146.6,-4.4679,-1.1575
298.15,250,4,0.01394,0.00325,1149.6,-4.7035,-1.2887
298.15,300,4,0.01425,0.00334,1152.6,-4.8883,-1.3825
298.15,350,4,0.01452,0.00341,1155.4,-5.038,-1.4509
298.15,400,4,0.01477,0.00347,1158.3,-5.162,-1.5008
298.15,450,4,0.015,0.00351,1161.1,-5.2664,-1.5368
298.15,500,4,0.01521,0.00354,1163.9,-5.3554,-1.562
298.15,550,4,0.01541,0.00357,1166.7,-5.432,-1.5786
298.15,600,4,0.01558,0.00359,1169.4,-5.4984,-1.5882
298.15,1,5,0.00019,0.02582,1159.7,-0.0125,-0.0045
298.15,5,5,0.00113,0.00534,1160,-0.0632,-0.0227
298.15,10,5,0.00223,0.00278,1160.5,-0.1285,-0.0457
298.15,20,5,0.00429,0.00152,1161.4,-0.2671,-0.0928
298.15,30,5,0.00615,0.00112,1162.3,-0.4195,-0.1418
298.15,40,5,0.0078,0.00093,1163.1,-0.5925,-0.1928
298.15,50,5,0.00922,0.00084,1164,-0.8023,-0.2464
298.15,60,5,0.01039,0.00082,1164.7,-1.1266,-0.3016
298.15,70,5,0.01085,0.00224,1165.4,-3.2687,-0.3741
298.15,80,5,0.01097,0.00236,1166,-3.4272,-0.4847
298.15,90,5,0.01107,0.00245,1166.7,-3.5658,-0.5802
298.15,100,5,0.01117,0.00252,1167.3,-3.6887,-0.6637
298.15,120,5,0.01135,0.00265,1168.5,-3.8991,-0.8038
298.15,140,5,0.01151,0.00274,1169.8,-4.0743,-0.9171
298.15,160,5,0.01166,0.00282,1171,-4.2237,-1.011
298.15,180,5,0.0118,0.00289,1172.2,-4.3535,-1.09
298.15,200,5,0.01194,0.00295,1173.4,-4.4679,-1.1575
298.15,250,5,0.01224,0.00306,1176.4,-4.7035,-1.2887
298.15,300,5,0.0125,0.00314,1179.4,-4.8883,-1.3825
298.15,350,5,0.01274,0.00321,1182.4,-5.038,-1.4509
298.15,400,5,0.01295,0.00326,1185.2,-5.162,-1.5008
298.15,450,5,0.01314,0.0033,1188.1,-5.2664,-1.5368
298.15,500,5,0.01332,0.00333,1190.9,-5.3554,-1.562
298.15,550,5,0.01348,0.00335,1193.7,-5.432,-1.5786
298.15,600,5,0.01363,0.00337,1196.5,-5.4984,-1.5882
298.15,1,6,0.00014,0.0243,1185.9,-0.0125,-0.0045
298.15,5,6,0.00103,0.00502,1186.2,-0.0632,-0.0227
298.15,10,6,0.00202,0.00262,1186.6,-0.1285,-0.0457
298.15,20,6,0.00388,0.00143,1187.4,-0.2671,-0.0928
298.15,30,6,0.00555,0.00105,1188.2,-0.4195,-0.1418
298.15,40,6,0.00703,0.00088,1188.9,-0.5925,-0.1928
298.15,50,6,0.00831,0.00079,1189.7,-0.8023,-0.2464
298.15,60,6,0.00934,0.00077,1190.4,-1.1266,-0.3016
298.15,70,6,0.00975,0.0021,1191,-3.2687,-0.3741
298.15,80,6,0.00985,0.00221,1191.7,-3.4272,-0.4847
298.15,90,6,0.00995,0.0023,1192.3,-3.5658,-0.5802
298.15,100,6,0.01003,0.00237,1192.9,-3.6887,-0.6637
298.15,120,6,0.01019,0.00248,1194.2,-3.8991,-0.8038
298.15,140,6,0.01034,0.00257,1195.4,-4.0743,-0.9171
298.15,160,6,0.01047,0.00264,1196.7,-4.2237,-1.011
298.15,180,6,0.01059,0.0027,1197.9,-4.3535,-1.09
298.15,200,6,0.01071,0.00276,1199.1,-4.4679,-1.1575
298.15,250,6,0.01097,0.00286,1202.2,-4.7035,-1.2887
298.15,300,6,0.01121,0.00294,1205.2,-4.8883,-1.3825
298.15,350,6,0.01141,0.003,1208.2,-5.038,-1.4509
298.15,400,6,0.0116,0.00304,1211.1,-5.162,-1.5008
298.15,450,6,0.01176,0.00308,1214,-5.2664,-1.5368
298.15,500,6,0.01192,0.00311,1216.9,-5.3554,-1.562
298.15,550,6,0.01206,0.00313,1219.7,-5.432,-1.5786
298.15,600,6,0.01218,0.00314,1222.5,-5.4984,-1.5882
323.15,1,0,0.00026,0.12413,990.6,-0.0086,-0.0034
323.15,5,0,0.00138,0.02547,991.4,-0.0432,-0.0173
323.15,10,0,0.00283,0.01316,992.3,-0.0876,-0.0347
323.15,20,0,0.00556,0.00703,994.2,-0.1803,-0.0702
323.15,30,0,0.00813,0.00503,995.9,-0.2791,-0.1064
323.15,40,0,0.01053,0.00407,997.6,-0.3855,-0.1434
323.15,50,0,0.01274,0.00353,999.2,-0.5019,-0.1814
323.15,60,0,0.01475,0.00321,1000.6,-0.6325,-0.2205
323.15,70,0,0.01654,0.00304,1002,-0.785,-0.2608
323.15,80,0,0.01809,0.00298,1003.3,-0.9799,-0.3021
323.15,90,0,0.01938,0.00305,1004.4,-1.3517,-0.339
323.15,100,0,0.02036,0.00338,1005.4,-2.1335,-0.3695
323.15,120,0,0.02144,0.00475,1007,-2.4851,-0.4904
323.15,140,0,0.02213,0.00541,1008.4,-2.7207,-0.5933
323.15,160,0,0.02269,0.00582,1009.8,-2.9061,-0.6801
323.15,180,0,0.02319,0.00613,1011.1,-3.0603,-0.7539
323.15,200,0,0.02365,0.00638,1012.4,-3.1924,-0.8173
323.15,250,0,0.02465,0.00683,1015.5,-3.4569,-0.9417
323.15,300,0,0.02552,0.00715,1018.6,-3.6592,-1.0314
323.15,350,0,0.02629,0.00739,1021.6,-3.8207,-1.0973
323.15,400,0,0.02699,0.00758,1024.5,-3.9535,-1.1459
323.15,450,0,0.02763,0.00772,1027.3,-4.0646,-1.1814
323.15,500,0,0.02822,0.00784,1030.1,-4.1591,-1.2067
323.15,550,0,0.02877,0.00793,1032.9,-4.2402,-1.2238
323.15,600,0,0.02928,0.008,1035.6,-4.3104,-1.2342
323.15,1,1,0.00022,0.11998,1026.3,-0.0086,-0.0034
323.15,5,1,0.00113,0.02462,1026.8,-0.0432,-0.0173
323.15,10,1,0.00236,0.01272,1027.6,-0.0876,-0.0347
323.15,20,1,0.00462,0.0068,1029,-0.1803,-0.0702
323.15,30,1,0.00674,0.00487,1030.4,-0.2791,-0.1064
323.15,40,1,0.00871,0.00394,1031.7,-0.3855,-0.1434
323.15,50,1,0.0105,0.00341,1033,-0.5019,-0.1814
323.15,60,1,0.01213,0.00311,1034.2,-0.6325,-0.2205
323.15,70,1,0.01357,0.00294,1035.3,-0.785,-0.2608
323.15,80,1,0.01482,0.00288,1036.3,-0.9799,-0.3021
323.15,90,1,0.01585,0.00295,1037.3,-1.3517,-0.339
323.15,100,1,0.01663,0.00327,1038.1,-2.1335,-0.3695
323.15,120,1,0.01749,0.00458,1039.6,-2.4851,-0.4904
323.15,140,1,0.01803,0.00521,1040.9,-2.7207,-0.5933
323.15,160,1,0.01848,0.00561,1042.2,-2.9061,-0.6801
323.15,180,1,0.01887,0.0059,1043.4,-3.0603,-0.7539
323.15,200,1,0.01923,0.00613,1044.7,-3.1924,-0.8173
323.15,250,1,0.02001,0.00657,1047.7,-3.4569,-0.9417
323.15,300,1,0.02069,0.00687,1050.7,-3.6592,-1.0314
323.15,350,1,0.02129,0.0071,1053.6,-3.8207,-1.0973
323.15,400,1,0.02182,0.00727,1056.5,-3.9535,-1.1459
323.15,450,1,0.02232,0.00741,1059.3,-4.0646,-1.1814
323.15,500,1,0.02277,0.00751,1062,-4.1591,-1.2067
323.15,550,1,0.02319,0.0076,1064.7,-4.2402,-1.2238
323.15,600,1,0.02357,0.00767,1067.4,-4.3104,-1.2342
323.15,1,2,0.00018,0.11552,1059.9,-0.0086,-0.0034
323.15,5,2,0.00094,0.0237,1060.3,-0.0432,-0.0173
323.15,10,2,0.00201,0.01224,1060.9,-0.0876,-0.0347
323.15,20,2,0.00392,0.00655,1062.1,-0.1803,-0.0702
323.15,30,2,0.0057,0.00469,1063.2,-0.2791,-0.1064
323.15,40,2,0.00734,0.00379,1064.3,-0.3855,-0.1434
323.15,50,2,0.00885,0.00329,1065.3,-0.5019,-0.1814
323.15,60,2,0.01019,0.00299,1066.3,-0.6325,-0.2205
323.15,70,2,0.01138,0.00283,1067.3,-0.785,-0.2608
323.15,80,2,0.01241,0.00278,1068.1,-0.9799,-0.3021
323.15,90,2,0.01325,0.00284,1069,-1.3517,-0.339
323.15,100,2,0.01389,0.00314,1069.7,-2.1335,-0.3695
323.15,120,2,0.01459,0.0044,1071.1,-2.4851,-0.4904
323.15,140,2,0.01503,0.005,1072.4,-2.7207,-0.5933
323.15,160,2,0.0154,0.00538,1073.7,-2.9061,-0.6801
323.15,180,2,0.01572,0.00566,1074.9,-3.0603,-0.7539
323.15,200,2,0.016,0.00588,1076.1,-3.1924,-0.8173
323.15,250,2,0.01663,0.00629,1079.1,-3.4569,-0.9417
323.15,300,2,0.01718,0.00658,1082.1,-3.6592,-1.0314
323.15,350,2,0.01765,0.00679,1084.9,-3.8207,-1.0973
323.15,400,2,0.01808,0.00695,1087.8,-3.9535,-1.1459
323.15,450,2,0.01847,0.00708,1090.6,-4.0646,-1.1814
323.15,500,2,0.01883,0.00718,1093.4,-4.1591,-1.2067
323.15,550,2,0.01916,0.00726,1096.1,-4.2402,-1.2238
323.15,600,2,0.01946,0.00732,1098.8,-4.3104,-1.2342
323.15,1,3,0.00016,0.11064,1091.5,-0.0086,-0.0034
323.15,5,3,0.00079,0.0227,1091.9,-0.0432,-0.0173
323.15,10,3,0.00174,0.01173,1092.4,-0.0876,-0.0347
323.15,20,3,0.00339,0.00627,1093.4,-0.1803,-0.0702
323.15,30,3,0.00492,0.00449,1094.4,-0.2791,-0.1064
323.15,40,3,0.00633,0.00363,1095.3,-0.3855,-0.1434
323.15,50,3,0.00761,0.00315,1096.2,-0.5019,-0.1814
323.15,60,3,0.00876,0.00287,1097,-0.6325,-0.2205
323.15,70,3,0.00976,0.00271,1097.9,-0.785,-0.2608
323.15,80,3,0.01063,0.00266,1098.6,-0.9799,-0.3021
323.15,90,3,0.01134,0.00272,1099.4,-1.3517,-0.339
323.15,100,3,0.01188,0.00301,1100.1,-2.1335,-0.3695
323.15,120,3,0.01247,0.0042,1101.4,-2.4851,-0.4904
323.15,140,3,0.01283,0.00477,1102.7,-2.7207,-0.5933
323.15,160,3,0.01314,0.00513,1104,-2.9061,-0.6801
323.15,180,3,0.0134,0.00539,1105.2,-3.0603,-0.7539
323.15,200,3,0.01364,0.0056,1106.4,-3.1924,-0.8173
323.15,250,3,0.01417,0.00599,1109.4,-3.4569,-0.9417
323.15,300,3,0.01461,0.00626,1112.4,-3.6592,-1.0314
323.15,350,3,0.01501,0.00646,1115.3,-3.8207,-1.0973
323.15,400,3,0.01536,0.00661,1118.1,-3.9535,-1.1459
323.15,450,3,0.01568,0.00673,1120.9,-4.0646,-1.1814
323.15,500,3,0.01597,0.00682,1123.7,-4.1591,-1.2067
323.15,550,3,0.01624,0.00689,1126.5,-4.2402,-1.2238
323.15,600,3,0.01648,0.00695,1129.2,-4.3104,-1.2342
323.15,1,4,0.00014,0.10537,1121.5,-0.0086,-0.0034
323.15,5,4,0.00066,0.02162,1121.8,-0.0432,-0.0173
323.15,10,4,0.00154,0.01117,1122.2,-0.0876,-0.0347
323.15,20,4,0.00299,0.00598,1123.1,-0.1803,-0.0702
323.15,30,4,0.00433,0.00428,1123.9,-0.2791,-0.1064
323.15,40,4,0.00557,0.00346,1124.7,-0.3855,-0.1434
323.15,50,4,0.00668,0.003,1125.5,-0.5019,-0.1814
323.15,60,4,0.00768,0.00273,1126.3,-0.6325,-0.2205
323.15,70,4,0.00856,0.00259,1127.1,-0.785,-0.2608
323.15,80,4,0.00931,0.00253,1127.8,-0.9799,-0.3021
323.15,90,4,0.00992,0.00259,1128.5,-1.3517,-0.339
323.15,100,4,0.01039,0.00287,1129.2,-2.1335,-0.3695
323.15,120,4,0.01089,0.00399,1130.5,-2.4851,-0.4904
323.15,140,4,0.01121,0.00453,1131.7,-2.7207,-0.5933
323.15,160,4,0.01147,0.00486,1133,-2.9061,-0.6801
323.15,180,4,0.0117,0.00511,1134.2,-3.0603,-0.7539
323.15,200,4,0.0119,0.00531,1135.4,-3.1924,-0.8173
323.15,250,4,0.01235,0.00567,1138.5,-3.4569,-0.9417
323.15,300,4,0.01273,0.00592,1141.5,-3.6592,-1.0314
323.15,350,4,0.01306,0.0061,1144.4,-3.8207,-1.0973
323.15,400,4,0.01336,0.00624,1147.3,-3.9535,-1.1459
323.15,450,4,0.01363,0.00635,1150.2,-4.0646,-1.1814
323.15,500,4,0.01387,0.00644,1153,-4.1591,-1.2067
323.15,550,4,0.0141,0.0065,1155.8,-4.2402,-1.2238
323.15,600,4,0.0143,0.00656,1158.5,-4.3104,-1.2342
323.15,1,5,0.00013,0.09976,1149.8,-0.0086,-0.0034
323.15,5,5,0.00056,0.02047,1150.1,-0.0432,-0.0173
323.15,10,5,0.00139,0.01058,1150.5,-0.0876,-0.0347
323.15,20,5,0.00269,0.00566,1151.3,-0.1803,-0.0702
323.15,30,5,0.00389,0.00405,1152,-0.2791,-0.1064
323.15,40,5,0.005,0.00328,1152.8,-0.3855,-0.1434
323.15,50,5,0.00599,0.00284,1153.5,-0.5019,-0.1814
323.15,60,5,0.00688,0.00259,1154.2,-0.6325,-0.2205
323.15,70,5,0.00766,0.00245,1154.9,-0.785,-0.2608
323.15,80,5,0.00833,0.0024,1155.6,-0.9799,-0.3021
323.15,90,5,0.00887,0.00246,1156.3,-1.3517,-0.339
323.15,100,5,0.00928,0.00271,1156.9,-2.1335,-0.3695
323.15,120,5,0.00972,0.00377,1158.2,-2.4851,-0.4904
323.15,140,5,0.01,0.00427,1159.5,-2.7207,-0.5933
323.15,160,5,0.01023,0.00458,1160.8,-2.9061,-0.6801
323.15,180,5,0.01043,0.00482,1162,-3.0603,-0.7539
323.15,200,5,0.01061,0.005,1163.2,-3.1924,-0.8173
323.15,250,5,0.011,0.00533,1166.3,-3.4569,-0.9417
323.15,300,5,0.01133,0.00556,1169.3,-3.6592,-1.0314
323.15,350,5,0.01162,0.00573,1172.3,-3.8207,-1.0973
323.15,400,5,0.01188,0.00586,1175.2,-3.9535,-1.1459
323.15,450,5,0.01211,0.00596,1178.1,-4.0646,-1.1814
323.15,500,5,0.01232,0.00604,1181,-4.1591,-1.2067
323.15,550,5,0.01252,0.0061,1183.9,-4.2402,-1.2238
323.15,600,5,0.0127,0.00614,1186.7,-4.3104,-1.2342
323.15,1,6,0.00012,0.09392,1176.7,-0.0086,-0.0034
323.15,5,6,0.00048,0.01928,1177,-0.0432,-0.0173
323.15,10,6,0.00127,0.00996,1177.4,-0.0876,-0.0347
323.15,20,6,0.00247,0.00533,1178.1,-0.1803,-0.0702
323.15,30,6,0.00357,0.00382,1178.7,-0.2791,-0.1064
323.15,40,6,0.00457,0.00309,1179.4,-0.3855,-0.1434
323.15,50,6,0.00548,0.00268,1180.1,-0.5019,-0.1814
323.15,60,6,0.00628,0.00244,1180.8,-0.6325,-0.2205
323.15,70,6,0.00699,0.00231,1181.5,-0.785,-0.2608
323.15,80,6,0.00759,0.00226,1182.1,-0.9799,-0.3021
323.15,90,6,0.00808,0.00231,1182.8,-1.3517,-0.339
323.15,100,6,0.00845,0.00255,1183.4,-2.1335,-0.3695
323.15,120,6,0.00885,0.00354,1184.7,-2.4851,-0.4904
323.15,140,6,0.00911,0.004,1186,-2.7207,-0.5933
323.15,160,6,0.00931,0.00429,1187.3,-2.9061,-0.6801
323.15,180,6,0.00949,0.00451,1188.5,-3.0603,-0.7539
323.15,200,6,0.00965,0.00468,1189.8,-3.1924,-0.8173
323.15,250,6,0.01,0.00498,1192.9,-3.4569,-0.9417
323.15,300,6,0.0103,0.0052,1195.9,-3.6592,-1.0314
323.15,350,6,0.01055,0.00535,1199,-3.8207,-1.0973
323.15,400,6,0.01078,0.00547,1202,-3.9535,-1.1459
323.15,450,6,0.01099,0.00556,1204.9,-4.0646,-1.1814
323.15,500,6,0.01118,0.00563,1207.8,-4.1591,-1.2067
323.15,550,6,0.01135,0.00568,1210.7,-4.2402,-1.2238
323.15,600,6,0.01151,0.00572,1213.6,-4.3104,-1.2342
348.15,1,0,0.00047,0.3868,974.6,-0.0063,-0.0027
348.15,5,0,0.00095,0.07913,975,-0.0319,-0.0133
348.15,10,0,0.00196,0.04064,975.7,-0.0645,-0.0267
348.15,20,0,0.00392,0.02147,977.1,-0.1318,-0.0536
348.15,30,0,0.00577,0.01515,978.5,-0.2022,-0.0809
348.15,40,0,0.00753,0.01206,979.8,-0.2762,-0.1086
348.15,50,0,0.00919,0.01027,981.1,-0.3544,-0.1365
348.15,60,0,0.01073,0.00914,982.4,-0.4376,-0.1649
348.15,70,0,0.01217,0.00839,983.6,-0.527,-0.1936
348.15,80,0,0.01349,0.00791,984.7,-0.6239,-0.2227
348.15,90,0,0.01469,0.00761,985.8,-0.7305,-0.2521
348.15,100,0,0.01578,0.00747,986.8,-0.8499,-0.2819
348.15,120,0,0.0176,0.0076,988.7,-1.1464,-0.3417
348.15,140,0,0.01897,0.00825,990.4,-1.5166,-0.4013
348.15,160,0,0.01999,0.00921,992,-1.8225,-0.4627
348.15,180,0,0.02079,0.01013,993.5,-2.0422,-0.5216
348.15,200,0,0.02146,0.01088,994.9,-2.2131,-0.5751
348.15,250,0,0.02282,0.01225,998.2,-2.5282,-0.6845
348.15,300,0,0.02392,0.01319,1001.4,-2.7554,-0.7659
348.15,350,0,0.02488,0.01388,1004.5,-2.9319,-0.8265
348.15,400,0,0.02573,0.01443,1007.5,-3.0746,-0.8718
348.15,450,0,0.0265,0.01486,1010.5,-3.1931,-0.9051
348.15,500,0,0.0272,0.01521,1013.4,-3.2932,-0.9292
348.15,550,0,0.02785,0.0155,1016.3,-3.3789,-0.9456
348.15,600,0,0.02845,0.01574,1019.1,-3.4529,-0.9559
348.15,1,1,0.00037,0.37386,1010,-0.0063,-0.0027
348.15,5,1,0.00081,0.07648,1010.4,-0.0319,-0.0133
348.15,10,1,0.00167,0.03928,1010.9,-0.0645,-0.0267
348.15,20,1,0.00332,0.02075,1012.1,-0.1318,-0.0536
348.15,30,1,0.00488,0.01464,1013.2,-0.2022,-0.0809
348.15,40,1,0.00636,0.01165,1014.3,-0.2762,-0.1086
348.15,50,1,0.00774,0.00992,1015.4,-0.3544,-0.1365
348.15,60,1,0.00903,0.00883,1016.4,-0.4376,-0.1649
348.15,70,1,0.01022,0.00811,1017.4,-0.527,-0.1936
348.15,80,1,0.01131,0.00764,1018.4,-0.6239,-0.2227
348.15,90,1,0.01231,0.00736,1019.3,-0.7305,-0.2521
348.15,100,1,0.0132,0.00722,1020.2,-0.8499,-0.2819
348.15,120,1,0.01469,0.00733,1021.9,-1.1464,-0.3417
348.15,140,1,0.01582,0.00796,1023.4,-1.5166,-0.4013
348.15,160,1,0.01665,0.00888,1024.9,-1.8225,-0.4627
348.15,180,1,0.0173,0.00975,1026.3,-2.0422,-0.5216
348.15,200,1,0.01784,0.01047,1027.6,-2.2131,-0.5751
348.15,250,1,0.01894,0.01177,1030.8,-2.5282,-0.6845
348.15,300,1,0.01983,0.01266,1033.9,-2.7554,-0.7659
348.15,350,1,0.02059,0.01332,1036.9,-2.9319,-0.8265
348.15,400,1,0.02127,0.01382,1039.9,-3.0746,-0.8718
348.15,450,1,0.02188,0.01423,1042.8,-3.1931,-0.9051
348.15,500,1,0.02243,0.01456,1045.6,-3.2932,-0.9292
348.15,550,1,0.02294,0.01483,1048.5,-3.3789,-0.9456
348.15,600,1,0.02342,0.01505,1051.2,-3.4529,-0.9559
348.15,1,2,0.00029,0.35996,1043.4,-0.0063,-0.0027
348.15,5,2,0.0007,0.07363,1043.8,-0.0319,-0.0133
348.15,10,2,0.00144,0.03781,1044.3,-0.0645,-0.0267
348.15,20,2,0.00286,0.01997,1045.2,-0.1318,-0.0536
348.15,30,2,0.00421,0.0141,1046.2,-0.2022,-0.0809
348.15,40,2,0.00547,0.01122,1047.2,-0.2762,-0.1086
348.15,50,2,0.00665,0.00955,1048.1,-0.3544,-0.1365
348.15,60,2,0.00774,0.0085,1049,-0.4376,-0.1649
348.15,70,2,0.00875,0.00781,1049.8,-0.527,-0.1936
348.15,80,2,0.00967,0.00736,1050.7,-0.6239,-0.2227
348.15,90,2,0.01051,0.00708,1051.5,-0.7305,-0.2521
348.15,100,2,0.01126,0.00695,1052.3,-0.8499,-0.2819
348.15,120,2,0.01252,0.00706,1053.8,-1.1464,-0.3417
348.15,140,2,0.01345,0.00765,1055.3,-1.5166,-0.4013
348.15,160,2,0.01415,0.00853,1056.7,-1.8225,-0.4627
348.15,180,2,0.01469,0.00935,1058,-2.0422,-0.5216
348.15,200,2,0.01514,0.01004,1059.3,-2.2131,-0.5751
348.15,250,2,0.01605,0.01127,1062.4,-2.5282,-0.6845
348.15,300,2,0.01678,0.01211,1065.5,-2.7554,-0.7659
348.15,350,2,0.01741,0.01272,1068.5,-2.9319,-0.8265
348.15,400,2,0.01796,0.0132,1071.4,-3.0746,-0.8718
348.15,450,2,0.01846,0.01358,1074.3,-3.1931,-0.9051
348.15,500,2,0.01891,0.01389,1077.2,-3.2932,-0.9292
348.15,550,2,0.01933,0.01414,1080,-3.3789,-0.9456
348.15,600,2,0.01971,0.01434,1082.7,-3.4529,-0.9559
348.15,1,3,0.00023,0.3449,1075,-0.0063,-0.0027
348.15,5,3,0.00062,0.07054,1075.3,-0.0319,-0.0133
348.15,10,3,0.00127,0.03623,1075.8,-0.0645,-0.0267
348.15,20,3,0.00252,0.01914,1076.6,-0.1318,-0.0536
348.15,30,3,0.00369,0.01351,1077.5,-0.2022,-0.0809
348.15,40,3,0.00479,0.01075,1078.3,-0.2762,-0.1086
348.15,50,3,0.00581,0.00915,1079.1,-0.3544,-0.1365
348.15,60,3,0.00677,0.00815,1079.9,-0.4376,-0.1649
348.15,70,3,0.00764,0.00748,1080.7,-0.527,-0.1936
348.15,80,3,0.00844,0.00705,1081.5,-0.6239,-0.2227
348.15,90,3,0.00916,0.00678,1082.3,-0.7305,-0.2521
348.15,100,3,0.00981,0.00666,1083,-0.8499,-0.2819
348.15,120,3,0.01088,0.00676,1084.4,-1.1464,-0.3417
348.15,140,3,0.01169,0.00732,1085.8,-1.5166,-0.4013
348.15,160,3,0.01228,0.00815,1087.2,-1.8225,-0.4627
348.15,180,3,0.01274,0.00893,1088.4,-2.0422,-0.5216
348.15,200,3,0.01312,0.00957,1089.7,-2.2131,-0.5751
348.15,250,3,0.01389,0.01073,1092.8,-2.5282,-0.6845
348.15,300,3,0.01451,0.01152,1095.9,-2.7554,-0.7659
348.15,350,3,0.01504,0.01209,1098.9,-2.9319,-0.8265
348.15,400,3,0.01551,0.01254,1101.9,-3.0746,-0.8718
348.15,450,3,0.01593,0.01289,1104.8,-3.1931,-0.9051
348.15,500,3,0.01631,0.01317,1107.6,-3.2932,-0.9292
348.15,550,3,0.01665,0.01341,1110.5,-3.3789,-0.9456
348.15,600,3,0.01697,0.0136,1113.3,-3.4529,-0.9559
348.15,1,4,0.00018,0.32877,1104.9,-0.0063,-0.0027
348.15,5,4,0.00056,0.06723,1105.2,-0.0319,-0.0133
348.15,10,4,0.00114,0.03453,1105.6,-0.0645,-0.0267
348.15,20,4,0.00225,0.01824,1106.4,-0.1318,-0.0536
348.15,30,4,0.0033,0.01288,1107.2,-0.2022,-0.0809
348.15,40,4,0.00427,0.01025,1107.9,-0.2762,-0.1086
348.15,50,4,0.00518,0.00873,1108.7,-0.3544,-0.1365
348.15,60,4,0.00603,0.00777,1109.4,-0.4376,-0.1649
348.15,70,4,0.0068,0.00713,1110.2,-0.527,-0.1936
348.15,80,4,0.0075,0.00672,1110.9,-0.6239,-0.2227
348.15,90,4,0.00814,0.00647,1111.6,-0.7305,-0.2521
348.15,100,4,0.00871,0.00634,1112.3,-0.8499,-0.2819
348.15,120,4,0.00965,0.00644,1113.7,-1.1464,-0.3417
348.15,140,4,0.01036,0.00696,1115,-1.5166,-0.4013
348.15,160,4,0.01087,0.00774,1116.3,-1.8225,-0.4627
348.15,180,4,0.01128,0.00848,1117.6,-2.0422,-0.5216
348.15,200,4,0.01161,0.00908,1118.9,-2.2131,-0.5751
348.15,250,4,0.01228,0.01017,1122,-2.5282,-0.6845
348.15,300,4,0.01282,0.0109,1125.1,-2.7554,-0.7659
348.15,350,4,0.01328,0.01143,1128.1,-2.9319,-0.8265
348.15,400,4,0.01368,0.01184,1131.1,-3.0746,-0.8718
348.15,450,4,0.01404,0.01217,1134,-3.1931,-0.9051
348.15,500,4,0.01437,0.01243,1137,-3.2932,-0.9292
348.15,550,4,0.01466,0.01264,1139.8,-3.3789,-0.9456
348.15,600,4,0.01494,0.01281,1142.7,-3.4529,-0.9559
348.15,1,5,0.00014,0.31176,1133.3,-0.0063,-0.0027
348.15,5,5,0.00051,0.06375,1133.5,-0.0319,-0.0133
348.15,10,5,0.00104,0.03274,1133.9,-0.0645,-0.0267
348.15,20,5,0.00205,0.0173,1134.6,-0.1318,-0.0536
348.15,30,5,0.003,0.01221,1135.3,-0.2022,-0.0809
348.15,40,5,0.00388,0.00972,1136,-0.2762,-0.1086
348.15,50,5,0.00471,0.00828,1136.8,-0.3544,-0.1365
348.15,60,5,0.00547,0.00736,1137.5,-0.4376,-0.1649
348.15,70,5,0.00616,0.00677,1138.2,-0.527,-0.1936
348.15,80,5,0.0068,0.00637,1138.8,-0.6239,-0.2227
348.15,90,5,0.00737,0.00613,1139.5,-0.7305,-0.2521
348.15,100,5,0.00788,0.00601,1140.2,-0.8499,-0.2819
348.15,120,5,0.00873,0.0061,1141.6,-1.1464,-0.3417
348.15,140,5,0.00936,0.00659,1142.9,-1.5166,-0.4013
348.15,160,5,0.00982,0.00732,1144.2,-1.8225,-0.4627
348.15,180,5,0.01018,0.00801,1145.5,-2.0422,-0.5216
348.15,200,5,0.01048,0.00857,1146.7,-2.2131,-0.5751
348.15,250,5,0.01107,0.00957,1149.9,-2.5282,-0.6845
348.15,300,5,0.01155,0.01025,1153,-2.7554,-0.7659
348.15,350,5,0.01196,0.01074,1156.1,-2.9319,-0.8265
348.15,400,5,0.01231,0.01112,1159.1,-3.0746,-0.8718
348.15,450,5,0.01263,0.01142,1162.1,-3.1931,-0.9051
348.15,500,5,0.01292,0.01166,1165,-3.2932,-0.9292
348.15,550,5,0.01318,0.01185,1168,-3.3789,-0.9456
348.15,600,5,0.01342,0.012,1170.8,-3.4529,-0.9559
348.15,1,6,0.00012,0.29412,1160.2,-0.0063,-0.0027
348.15,5,6,0.00047,0.06014,1160.4,-0.0319,-0.0133
348.15,10,6,0.00096,0.03089,1160.8,-0.0645,-0.0267
348.15,20,6,0.0019,0.01632,1161.4,-0.1318,-0.0536
348.15,30,6,0.00277,0.01152,1162.1,-0.2022,-0.0809
348.15,40,6,0.00359,0.00917,1162.8,-0.2762,-0.1086
348.15,50,6,0.00435,0.00781,1163.5,-0.3544,-0.1365
348.15,60,6,0.00504,0.00695,1164.1,-0.4376,-0.1649
348.15,70,6,0.00568,0.00638,1164.8,-0.527,-0.1936
348.15,80,6,0.00627,0.00601,1165.5,-0.6239,-0.2227
348.15,90,6,0.00679,0.00578,1166.1,-0.7305,-0.2521
348.15,100,6,0.00726,0.00567,1166.8,-0.8499,-0.2819
348.15,120,6,0.00803,0.00575,1168.1,-1.1464,-0.3417
348.15,140,6,0.00861,0.00621,1169.4,-1.5166,-0.4013
348.15,160,6,0.00903,0.00688,1170.8,-1.8225,-0.4627
348.15,180,6,0.00936,0.00752,1172,-2.0422,-0.5216
348.15,200,6,0.00963,0.00804,1173.3,-2.2131,-0.5751
348.15,250,6,0.01017,0.00897,1176.5,-2.5282,-0.6845
348.15,300,6,0.0106,0.00959,1179.7,-2.7554,-0.7659
348.15,350,6,0.01097,0.01004,1182.8,-2.9319,-0.8265
348.15,400,6,0.01129,0.01039,1185.9,-3.0746,-0.8718
348.15,450,6,0.01158,0.01066,1188.9,-3.1931,-0.9051
348.15,500,6,0.01184,0.01087,1191.9,-3.2932,-0.9292
348.15,550,6,0.01207,0.01104,1194.9,-3.3789,-0.9456
348.15,600,6,0.01228,0.01119,1197.8,-3.4529,-0.9559
373.15,5,0,0.00071,0.2073,956.6,-0.0251,-0.0103
373.15,10,0,0.00155,0.10615,957.2,-0.0506,-0.0206
373.15,20,0,0.00321,0.05565,958.5,-0.1029,-0.0414
373.15,30,0,0.0048,0.03895,959.7,-0.157,-0.0622
373.15,40,0,0.00633,0.03071,960.9,-0.2131,-0.0831
373.15,50,0,0.00779,0.02588,962.1,-0.2714,-0.1041
373.15,60,0,0.00918,0.02276,963.2,-0.332,-0.1252
373.15,70,0,0.0105,0.02063,964.4,-0.3953,-0.1464
373.15,80,0,0.01174,0.01913,965.5,-0.4616,-0.1676
373.15,90,0,0.01291,0.01807,966.5,-0.5311,-0.1889
373.15,100,0,0.01401,0.01733,967.5,-0.6043,-0.2102
373.15,120,0,0.016,0.01654,969.5,-0.763,-0.2528
373.15,140,0,0.0177,0.01645,971.4,-0.9393,-0.295
373.15,160,0,0.01914,0.01688,973.1,-1.13,-0.3363
373.15,180,0,0.02035,0.01771,974.8,-1.3222,-0.3763
373.15,200,0,0.02139,0.01875,976.3,-1.4997,-0.4146
373.15,250,0,0.02343,0.02142,980,-1.8503,-0.4999
373.15,300,0,0.02503,0.02362,983.5,-2.1013,-0.5679
373.15,350,0,0.02636,0.02537,986.9,-2.2926,-0.6203
373.15,400,0,0.02752,0.02678,990.2,-2.4453,-0.6602
373.15,450,0,0.02856,0.02795,993.4,-2.5711,-0.6898
373.15,500,0,0.02951,0.02892,996.5,-2.6768,-0.7114
373.15,550,0,0.03037,0.02975,999.5,-2.767,-0.7262
373.15,600,0,0.03118,0.03046,1002.5,-2.8449,-0.7354
373.15,1,1,0,0.97713,990.7,-0.005,-0.0021
373.15,5,1,0.00061,0.20036,991.2,-0.0251,-0.0103
373.15,10,1,0.00134,0.10259,991.7,-0.0506,-0.0206
373.15,20,1,0.00277,0.05378,992.8,-0.1029,-0.0414
373.15,30,1,0.00414,0.03764,993.8,-0.157,-0.0622
373.15,40,1,0.00544,0.02968,994.8,-0.2131,-0.0831
373.15,50,1,0.00669,0.025,995.8,-0.2714,-0.1041
373.15,60,1,0.00787,0.02199,996.8,-0.332,-0.1252
373.15,70,1,0.00899,0.01993,997.8,-0.3953,-0.1464
373.15,80,1,0.01004,0.01848,998.7,-0.4616,-0.1676
373.15,90,1,0.01103,0.01745,999.7,-0.5311,-0.1889
373.15,100,1,0.01196,0.01673,1000.6,-0.6043,-0.2102
373.15,120,1,0.01362,0.01597,1002.3,-0.763,-0.2528
373.15,140,1,0.01505,0.01587,1004,-0.9393,-0.295
373.15,160,1,0.01625,0.01628,1005.6,-1.13,-0.3363
373.15,180,1,0.01726,0.01706,1007.1,-1.3222,-0.3763
373.15,200,1,0.01812,0.01805,1008.5,-1.4997,-0.4146
373.15,250,1,0.01981,0.02058,1012,-1.8503,-0.4999
373.15,300,1,0.02112,0.02266,1015.4,-2.1013,-0.5679
373.15,350,1,0.02221,0.02431,1018.6,-2.2926,-0.6203
373.15,400,1,0.02316,0.02564,1021.8,-2.4453,-0.6602
373.15,450,1,0.02401,0.02673,1024.9,-2.5711,-0.6898
373.15,500,1,0.02478,0.02764,1027.9,-2.6768,-0.7114
373.15,550,1,0.02548,0.02841,1030.9,-2.767,-0.7262
373.15,600,1,0.02613,0.02907,1033.8,-2.8449,-0.7354
373.15,1,2,0.00001,0.94153,1023.5,-0.005,-0.0021
373.15,5,2,0.00054,0.19297,1023.9,-0.0251,-0.0103
373.15,10,2,0.00118,0.0988,1024.3,-0.0506,-0.0206
373.15,20,2,0.00243,0.05179,1025.3,-0.1029,-0.0414
373.15,30,2,0.00362,0.03625,1026.2,-0.157,-0.0622
373.15,40,2,0.00475,0.02858,1027.1,-0.2131,-0.0831
373.15,50,2,0.00584,0.02408,1028,-0.2714,-0.1041
373.15,60,2,0.00686,0.02117,1028.8,-0.332,-0.1252
373.15,70,2,0.00783,0.01919,1029.7,-0.3953,-0.1464
373.15,80,2,0.00874,0.01779,1030.6,-0.4616,-0.1676
373.15,90,2,0.00958,0.0168,1031.4,-0.5311,-0.1889
373.15,100,2,0.01038,0.01611,1032.2,-0.6043,-0.2102
373.15,120,2,0.0118,0.01537,1033.8,-0.763,-0.2528
373.15,140,2,0.01302,0.01527,1035.3,-0.9393,-0.295
373.15,160,2,0.01404,0.01565,1036.8,-1.13,-0.3363
373.15,180,2,0.0149,0.01639,1038.2,-1.3222,-0.3763
373.15,200,2,0.01563,0.01732,1039.6,-1.4997,-0.4146
373.15,250,2,0.01706,0.01971,1043,-1.8503,-0.4999
373.15,300,2,0.01816,0.02167,1046.3,-2.1013,-0.5679
373.15,350,2,0.01908,0.02322,1049.5,-2.2926,-0.6203
373.15,400,2,0.01987,0.02446,1052.6,-2.4453,-0.6602
373.15,450,2,0.02058,0.02548,1055.6,-2.5711,-0.6898
373.15,500,2,0.02122,0.02632,1058.6,-2.6768,-0.7114
373.15,550,2,0.0218,0.02704,1061.6,-2.767,-0.7262
373.15,600,2,0.02234,0.02765,1064.5,-2.8449,-0.7354
373.15,1,3,0.00001,0.90324,1054.4,-0.005,-0.0021
373.15,5,3,0.00049,0.18503,1054.8,-0.0251,-0.0103
373.15,10,3,0.00105,0.09473,1055.2,-0.0506,-0.0206
373.15,20,3,0.00216,0.04966,1056,-0.1029,-0.0414
373.15,30,3,0.00322,0.03475,1056.9,-0.157,-0.0622
373.15,40,3,0.00422,0.0274,1057.7,-0.2131,-0.0831
373.15,50,3,0.00518,0.02309,1058.5,-0.2714,-0.1041
373.15,60,3,0.00608,0.0203,1059.3,-0.332,-0.1252
373.15,70,3,0.00693,0.0184,1060.1,-0.3953,-0.1464
373.15,80,3,0.00773,0.01706,1060.9,-0.4616,-0.1676
373.15,90,3,0.00848,0.01611,1061.6,-0.5311,-0.1889
373.15,100,3,0.00917,0.01544,1062.4,-0.6043,-0.2102
373.15,120,3,0.01042,0.01472,1063.9,-0.763,-0.2528
373.15,140,3,0.01147,0.01462,1065.3,-0.9393,-0.295
373.15,160,3,0.01236,0.01498,1066.7,-1.13,-0.3363
373.15,180,3,0.01311,0.01567,1068.1,-1.3222,-0.3763
373.15,200,3,0.01374,0.01655,1069.5,-1.4997,-0.4146
373.15,250,3,0.01498,0.01879,1072.8,-1.8503,-0.4999
373.15,300,3,0.01593,0.02063,1076,-2.1013,-0.5679
373.15,350,3,0.01671,0.02207,1079.2,-2.2926,-0.6203
373.15,400,3,0.01739,0.02323,1082.3,-2.4453,-0.6602
373.15,450,3,0.018,0.02417,1085.4,-2.5711,-0.6898
373.15,500,3,0.01854,0.02495,1088.4,-2.6768,-0.7114
373.15,550,3,0.01904,0.02561,1091.3,-2.767,-0.7262
373.15,600,3,0.01949,0.02617,1094.3,-2.8449,-0.7354
373.15,1,4,0.00001,0.86252,1083.7,-0.005,-0.0021
373.15,5,4,0.00044,0.1766,1084.1,-0.0251,-0.0103
373.15,10,4,0.00096,0.09041,1084.4,-0.0506,-0.0206
373.15,20,4,0.00196,0.04739,1085.2,-0.1029,-0.0414
373.15,30,4,0.00291,0.03317,1086,-0.157,-0.0622
373.15,40,4,0.00382,0.02615,1086.7,-0.2131,-0.0831
373.15,50,4,0.00467,0.02203,1087.5,-0.2714,-0.1041
373.15,60,4,0.00548,0.01937,1088.2,-0.332,-0.1252
373.15,70,4,0.00624,0.01756,1089,-0.3953,-0.1464
373.15,80,4,0.00696,0.01628,1089.7,-0.4616,-0.1676
373.15,90,4,0.00763,0.01537,1090.4,-0.5311,-0.1889
373.15,100,4,0.00825,0.01473,1091.2,-0.6043,-0.2102
373.15,120,4,0.00935,0.01404,1092.6,-0.763,-0.2528
373.15,140,4,0.01029,0.01394,1094,-0.9393,-0.295
373.15,160,4,0.01108,0.01427,1095.4,-1.13,-0.3363
373.15,180,4,0.01174,0.01492,1096.7,-1.3222,-0.3763
373.15,200,4,0.0123,0.01574,1098.1,-1.4997,-0.4146
373.15,250,4,0.01339,0.01783,1101.4,-1.8503,-0.4999
373.15,300,4,0.01423,0.01954,1104.6,-2.1013,-0.5679
373.15,350,4,0.01492,0.02088,1107.8,-2.2926,-0.6203
373.15,400,4,0.01552,0.02194,1110.9,-2.4453,-0.6602
373.15,450,4,0.01605,0.02281,1114,-2.5711,-0.6898
373.15,500,4,0.01652,0.02353,1117,-2.6768,-0.7114
373.15,550,4,0.01695,0.02414,1120,-2.767,-0.7262
373.15,600,4,0.01735,0.02465,1122.9,-2.8449,-0.7354
373.15,1,5,0.00002,0.81985,1111.5,-0.005,-0.0021
373.15,5,5,0.00041,0.16778,1111.8,-0.0251,-0.0103
373.15,10,5,0.00088,0.08589,1112.2,-0.0506,-0.0206
373.15,20,5,0.0018,0.04502,1112.9,-0.1029,-0.0414
373.15,30,5,0.00267,0.03151,1113.6,-0.157,-0.0622
373.15,40,5,0.0035,0.02484,1114.3,-0.2131,-0.0831
373.15,50,5,0.00429,0.02093,1115,-0.2714,-0.1041
373.15,60,5,0.00502,0.0184,1115.7,-0.332,-0.1252
373.15,70,5,0.00572,0.01668,1116.4,-0.3953,-0.1464
373.15,80,5,0.00637,0.01546,1117.1,-0.4616,-0.1676
373.15,90,5,0.00698,0.0146,1117.8,-0.5311,-0.1889
373.15,100,5,0.00754,0.01399,1118.5,-0.6043,-0.2102
373.15,120,5,0.00855,0.01333,1119.9,-0.763,-0.2528
373.15,140,5,0.00939,0.01322,1121.3,-0.9393,-0.295
373.15,160,5,0.01011,0.01353,1122.7,-1.13,-0.3363
373.15,180,5,0.01071,0.01413,1124,-1.3222,-0.3763
373.15,200,5,0.01121,0.01489,1125.4,-1.4997,-0.4146
373.15,250,5,0.01219,0.01683,1128.6,-1.8503,-0.4999
373.15,300,5,0.01294,0.01842,1131.9,-2.1013,-0.5679
373.15,350,5,0.01356,0.01965,1135.1,-2.2926,-0.6203
373.15,400,5,0.0141,0.02063,1138.2,-2.4453,-0.6602
373.15,450,5,0.01457,0.02143,1141.3,-2.5711,-0.6898
373.15,500,5,0.01499,0.02208,1144.4,-2.6768,-0.7114
373.15,550,5,0.01538,0.02263,1147.4,-2.767,-0.7262
373.15,600,5,0.01573,0.0231,1150.4,-2.8449,-0.7354
373.15,1,6,0.00002,0.77579,1137.9,-0.005,-0.0021
373.15,5,6,0.00039,0.15868,1138.1,-0.0251,-0.0103
373.15,10,6,0.00083,0.08123,1138.5,-0.0506,-0.0206
373.15,20,6,0.00168,0.04258,1139.2,-0.1029,-0.0414
373.15,30,6,0.00249,0.0298,1139.8,-0.157,-0.0622
373.15,40,6,0.00326,0.0235,1140.5,-0.2131,-0.0831
373.15,50,6,0.00399,0.01979,1141.2,-0.2714,-0.1041
373.15,60,6,0.00467,0.0174,1141.9,-0.332,-0.1252
373.15,70,6,0.00532,0.01577,1142.6,-0.3953,-0.1464
373.15,80,6,0.00592,0.01462,1143.3,-0.4616,-0.1676
373.15,90,6,0.00648,0.0138,1144,-0.5311,-0.1889
373.15,100,6,0.007,0.01322,1144.6,-0.6043,-0.2102
373.15,120,6,0.00793,0.0126,1146,-0.763,-0.2528
373.15,140,6,0.00871,0.01249,1147.4,-0.9393,-0.295
373.15,160,6,0.00937,0.01277,1148.7,-1.13,-0.3363
373.15,180,6,0.00992,0.01332,1150.1,-1.3222,-0.3763
373.15,200,6,0.01038,0.01403,1151.4,-1.4997,-0.4146
373.15,250,6,0.01128,0.01582,1154.7,-1.8503,-0.4999
373.15,300,6,0.01197,0.01728,1158,-2.1013,-0.5679
373.15,350,6,0.01254,0.01841,1161.2,-2.2926,-0.6203
373.15,400,6,0.01303,0.0193,1164.4,-2.4453,-0.6602
373.15,450,6,0.01346,0.02003,1167.5,-2.5711,-0.6898
373.15,500,6,0.01384,0.02063,1170.7,-2.6768,-0.7114
373.15,550,6,0.01419,0.02112,1173.7,-2.767,-0.7262
373.15,600,6,0.01451,0.02154,1176.8,-2.8449,-0.7354